index,t,pair_mae,dest_mae,dest_ssim,luma
0,0.0,0.000000,43.814338,0.075449,69.2921
1,0.0417,13.648454,44.873418,0.067822,71.0924
2,0.0833,15.437176,46.804720,0.065395,76.2207
3,0.125,15.574601,48.082459,0.071308,76.9264
4,0.1667,17.348932,50.005838,0.079866,80.2817
5,0.2083,17.909594,52.698483,0.067951,84.8435
6,0.25,18.060093,56.490536,0.052277,88.8247
7,0.2917,17.480762,58.121528,0.051396,88.3221
8,0.3333,17.806665,59.486161,0.052634,88.0004
9,0.375,18.823995,60.183459,0.049360,84.8084
10,0.4167,19.121875,62.538025,0.036455,84.9192
11,0.4583,19.720956,61.744643,0.041499,80.4146
12,0.5,20.050277,59.585667,0.045292,74.7104
13,0.5417,18.975180,56.010064,0.055490,69.0991
14,0.5833,19.320987,52.650569,0.037922,63.0255
15,0.625,19.573768,49.039891,0.053760,55.4989
16,0.6667,18.576974,46.068291,0.048649,48.2794
17,0.7083,15.794893,45.176217,0.058304,43.9026
18,0.75,14.593413,44.497194,0.055016,43.3729
19,0.7917,14.558568,44.618366,0.054894,40.0730
20,0.8333,13.895280,43.992458,0.052417,39.2135
21,0.875,13.644215,43.216998,0.063565,38.8018
22,0.9167,13.795888,42.488257,0.065096,39.2936
23,0.9583,13.179310,42.600467,0.062696,38.2761
24,1.0,12.798530,42.634936,0.073566,38.7285
25,1.0417,12.460401,42.655676,0.068347,39.1902
26,1.0833,12.900674,42.094168,0.067503,42.2420
27,1.125,13.135808,42.069387,0.073537,42.7807
28,1.1667,13.616745,41.839072,0.083337,45.2617
29,1.2083,13.635790,42.191058,0.073451,46.7177
30,1.25,14.530404,42.525462,0.076205,49.3540
31,1.2917,14.838557,43.271653,0.070712,49.6016
32,1.3333,14.946011,44.069079,0.068467,50.2545
33,1.375,15.097311,45.179161,0.058854,50.6326
34,1.4167,15.922846,46.043116,0.047950,53.5440
35,1.4583,16.307970,47.413696,0.049468,53.3341
36,1.5,17.349864,49.149504,0.046728,55.5435
37,1.5417,17.334088,50.492458,0.042696,55.6470
38,1.5833,17.554180,51.337761,0.051104,57.0643
39,1.625,16.957213,52.073217,0.041193,55.4510
40,1.6667,15.754054,52.205712,0.052863,53.8976
41,1.7083,14.833372,51.140479,0.057484,51.5006
42,1.75,14.550021,49.464325,0.053558,50.8103
43,1.7917,15.187881,47.768784,0.059316,47.7769
44,1.8333,14.430754,46.206446,0.053990,47.7101
45,1.875,14.157031,45.177887,0.055767,48.3759
46,1.9167,14.829673,44.060641,0.067691,50.7112
47,1.9583,15.783566,44.676480,0.074644,50.1256
48,2.0,15.969105,44.881362,0.074992,51.3289
49,2.0417,16.170217,44.891936,0.078771,53.8802
50,2.0833,17.241831,43.927480,0.097498,58.8907
51,2.125,16.257226,44.066145,0.100703,60.1848
52,2.1667,16.769183,45.532816,0.073562,62.9108
53,2.2083,16.290980,45.835430,0.084265,65.7797
54,2.25,15.447006,46.163941,0.082006,68.9138
55,2.2917,14.962205,45.750608,0.080568,67.7041
56,2.3333,15.468272,45.471930,0.074696,66.9374
57,2.375,15.975488,44.561427,0.083579,66.5335
58,2.4167,16.646880,44.980676,0.074855,67.9011
59,2.4583,17.174024,44.877235,0.077275,67.3792
60,2.5,17.760727,46.047669,0.061623,69.5682
61,2.5417,18.343468,46.987957,0.073952,71.8726
62,2.5833,20.056571,47.543003,0.104825,76.0913
63,2.625,21.084965,49.695298,0.064786,78.0610
64,2.6667,20.136030,51.788623,0.057965,79.2590
65,2.7083,18.972113,50.619345,0.078117,80.6882
66,2.75,19.705877,51.550003,0.072771,83.5127
67,2.7917,18.150431,53.112479,0.064832,83.6008
68,2.8333,16.964790,52.994729,0.067991,83.3844
69,2.875,17.182182,52.213743,0.067128,82.2320
70,2.9167,17.683516,51.369152,0.070069,81.8169
71,2.9583,17.484555,47.718948,0.085072,77.1354
72,3.0,16.030480,45.852222,0.093397,71.8958
73,3.0417,14.408096,43.754386,0.102855,69.0305
74,3.0833,13.339179,42.964048,0.086270,67.2753
75,3.125,13.011223,41.609748,0.096034,63.4299
76,3.1667,11.949893,41.455506,0.093093,61.8299
77,3.2083,11.164907,40.883759,0.098120,60.8158
78,3.25,11.186210,40.567828,0.081413,60.3487
79,3.2917,11.534803,40.338999,0.089869,58.2717
80,3.3333,11.294189,40.148334,0.092949,57.3645
81,3.375,11.019152,40.131809,0.082443,57.3600
82,3.4167,11.009600,40.069008,0.085028,58.5328
83,3.4583,11.394737,39.929791,0.082640,57.7940
84,3.5,11.446705,39.809218,0.088539,58.1184
85,3.5417,11.724381,39.815450,0.093834,58.4744
86,3.5833,12.359482,40.472880,0.072422,59.8057
87,3.625,13.142095,40.845953,0.084074,59.0811
88,3.6667,13.713829,41.185022,0.062587,59.0346
89,3.7083,14.311320,40.509516,0.086522,59.7958
90,3.75,15.250261,40.637367,0.082318,62.0374
91,3.7917,15.193732,40.928624,0.080390,62.3183
92,3.8333,14.955801,40.449911,0.085000,63.7604
93,3.875,15.169964,40.246771,0.097716,65.4520
94,3.9167,15.384038,41.164111,0.097061,68.2502
95,3.9583,14.007592,41.459474,0.086079,66.6092
96,4.0,13.070909,40.535474,0.088877,65.6928
97,4.0417,12.420105,40.348118,0.091734,66.0115
98,4.0833,12.907876,41.044502,0.087936,67.8093
99,4.125,12.610380,41.078462,0.084050,65.6541
100,4.1667,12.922016,41.840615,0.093430,65.9787
101,4.2083,12.539173,42.158250,0.089541,65.4158
102,4.25,11.856767,42.920990,0.074931,66.7925
103,4.2917,11.990915,42.933798,0.069626,66.1624
104,4.3333,12.172898,42.409229,0.073661,66.3502
105,4.375,11.845353,42.021692,0.094649,66.4393
106,4.4167,12.322815,42.883532,0.080618,69.0413
107,4.4583,12.170980,43.456161,0.082121,69.5726
108,4.5,12.145105,43.856561,0.090298,71.2168
109,4.5417,12.126506,44.572619,0.082098,72.4235
110,4.5833,12.607576,45.112317,0.084765,74.2599
111,4.625,12.803428,44.377039,0.090085,74.1910
112,4.6667,12.632608,44.561819,0.102227,74.7861
113,4.7083,12.283670,45.343296,0.093821,75.3969
114,4.75,11.914119,46.307294,0.087687,76.5661
115,4.7917,12.129733,46.163030,0.111244,74.8036
116,4.8333,12.417593,46.527966,0.110383,74.5902
117,4.875,12.723128,46.727404,0.119773,74.3209
118,4.9167,13.347734,46.999501,0.123338,74.3523
119,4.9583,14.502175,46.880770,0.097869,71.9031
120,5.0,14.728271,46.087372,0.105116,70.1877
121,5.0417,14.518332,45.273932,0.109111,68.6410
122,5.0833,15.313406,43.928577,0.116745,68.5610
123,5.125,15.421220,42.868437,0.121891,65.4354
124,5.1667,14.727055,42.322308,0.115242,63.9978
125,5.2083,13.824428,41.101681,0.113136,62.6549
126,5.25,12.839085,40.331582,0.128560,62.7511
127,5.2917,12.467693,40.448240,0.125038,61.0874
128,5.3333,12.869358,39.821985,0.112119,59.4779
129,5.375,12.874337,38.459542,0.121148,57.6197
130,5.4167,14.323008,37.560714,0.096075,56.8025
131,5.4583,12.861492,37.226441,0.111080,56.9241
132,5.5,12.753509,37.574076,0.108574,59.1563
133,5.5417,11.905830,36.612691,0.123589,59.6696
134,5.5833,11.204005,37.384934,0.119427,61.4235
135,5.625,12.091453,37.746342,0.122098,62.7950
136,5.6667,10.208067,38.327540,0.118587,62.6163
137,5.7083,9.580117,38.491554,0.115079,62.1127
138,5.75,9.690419,38.466862,0.114688,62.7832
139,5.7917,10.134250,38.502136,0.118445,61.5803
140,5.8333,10.412375,38.566552,0.116659,61.3355
141,5.875,10.351060,38.516578,0.115892,61.1972
142,5.9167,10.544431,38.478830,0.115390,61.2913
143,5.9583,11.027652,38.541095,0.106529,60.0407
144,6.0,11.429396,38.336568,0.118875,59.9990
145,6.0417,11.429877,38.558028,0.102517,60.0002
146,6.0833,11.730516,38.503712,0.106716,61.2999
147,6.125,11.883433,38.756292,0.103022,61.0386
148,6.1667,12.258177,38.464547,0.115872,61.3941
149,6.2083,12.210338,38.354543,0.105783,61.8460
150,6.25,12.524447,38.603070,0.090640,62.9575
151,6.2917,12.697259,38.587928,0.083960,62.6056
152,6.3333,12.983871,38.841557,0.065224,63.3326
153,6.375,12.826804,38.661813,0.090194,63.7666
154,6.4167,13.028859,38.786866,0.063005,65.5364
155,6.4583,12.728026,38.672525,0.091852,64.1582
156,6.5,12.532702,38.690064,0.093781,63.6915
157,6.5417,11.665471,38.087725,0.118051,62.7299
158,6.5833,10.412443,37.461054,0.115395,62.5814
159,6.625,9.700319,36.901551,0.132351,61.7083
160,6.6667,9.154501,36.933500,0.125381,62.6668
161,6.7083,8.949235,37.043888,0.127644,63.2917
162,6.75,9.117622,36.828987,0.139720,64.4343
163,6.7917,8.987941,36.592841,0.131623,63.8897
164,6.8333,8.755524,36.532503,0.118616,64.1305
165,6.875,8.786960,36.521029,0.115896,63.7110
166,6.9167,8.825266,36.344870,0.106862,64.2147
167,6.9583,9.015056,35.927825,0.107814,63.1372
168,7.0,9.058775,35.593815,0.110803,63.3288
169,7.0417,8.963751,35.494810,0.114944,63.1251
170,7.0833,9.116779,35.410905,0.117461,63.6593
171,7.125,9.114429,35.095243,0.113517,62.7627
172,7.1667,9.058970,34.701995,0.114123,62.7965
173,7.2083,9.037698,34.338424,0.129845,62.4509
174,7.25,9.067753,33.975486,0.127786,62.7138
175,7.2917,9.408970,33.720494,0.133617,61.8341
176,7.3333,9.480882,33.438604,0.129416,61.9965
177,7.375,9.320259,33.075520,0.145095,62.0329
178,7.4167,9.208621,32.712623,0.146535,62.5691
179,7.4583,9.194854,32.560673,0.146093,61.9601
180,7.5,9.315844,32.284897,0.155877,61.9346
181,7.5417,9.114056,31.961672,0.164099,61.5532
182,7.5833,9.186114,31.558051,0.172029,61.6252
183,7.625,9.140850,31.225676,0.167336,60.8906
184,7.6667,8.955284,31.067912,0.170930,60.9351
185,7.7083,8.871248,31.096188,0.164568,61.1222
186,7.75,8.928950,31.023175,0.166198,61.8971
187,7.7917,8.949601,30.690142,0.175304,61.3959
188,7.8333,8.917925,29.890779,0.207814,61.7643
189,7.875,8.779470,29.255550,0.216195,61.6765
190,7.9167,8.402595,28.953477,0.222556,62.1527
191,7.9583,8.328770,28.883077,0.224593,61.5074
192,8.0,8.461009,28.900567,0.221362,61.9548
193,8.0417,8.156869,28.945442,0.220073,62.0735
194,8.0833,8.165312,28.780918,0.229264,62.9405
195,8.125,8.247606,28.330368,0.245865,62.4920
196,8.1667,7.978582,28.070661,0.240524,62.9847
197,8.2083,7.562581,27.572308,0.250492,62.7561
198,8.25,7.401308,26.920191,0.271768,63.1070
199,8.2917,7.531848,26.181247,0.296558,62.3333
200,8.3333,7.429543,25.519290,0.311607,62.5772
201,8.375,7.167113,25.225752,0.313408,62.4306
202,8.4167,7.296507,25.020473,0.316110,62.9347
203,8.4583,7.168648,25.003908,0.309987,62.3187
204,8.5,7.235119,24.874261,0.305332,62.4977
205,8.5417,6.979180,24.643583,0.305008,62.1730
206,8.5833,6.957474,24.191387,0.311204,62.5336
207,8.625,6.953104,23.241515,0.340027,61.7938
208,8.6667,7.000627,22.026018,0.383401,62.0035
209,8.7083,6.469118,21.365390,0.409137,61.9418
210,8.75,6.349708,20.616419,0.433162,62.4440
211,8.7917,6.292262,19.407286,0.470588,61.9158
212,8.8333,6.190199,18.012899,0.520141,62.0664
213,8.875,5.639348,16.863677,0.554977,61.8988
214,8.9167,5.214189,15.829010,0.586094,62.0927
215,8.9583,5.012030,14.678357,0.622591,61.5644
216,9.0,4.580785,13.264484,0.668483,61.6494
217,9.0417,3.527713,11.999167,0.713352,61.6523
218,9.0833,3.642946,10.543826,0.765162,61.9544
219,9.125,2.889771,9.392933,0.814141,61.6724
220,9.1667,2.505156,8.481819,0.854933,61.7852
221,9.2083,2.171460,7.535599,0.891120,61.6451
222,9.25,1.893236,6.925989,0.911042,61.6840
223,9.2917,1.884234,6.323204,0.928100,61.3246
224,9.3333,1.171846,5.984211,0.936526,61.2787
225,9.375,0.854104,6.215419,0.930144,61.1470
226,9.4167,0.659667,6.248024,0.927583,61.2814
227,9.4583,0.691721,6.238095,0.928687,61.2979
228,9.5,0.593815,6.196995,0.930842,61.3730
229,9.5417,0.395546,6.221744,0.930447,61.3331
230,9.5833,0.501449,6.198590,0.930021,61.4034
231,9.625,0.530464,6.126193,0.930270,61.3774
232,9.6667,0.648841,6.126449,0.928491,61.3662
233,9.7083,0.656216,6.075412,0.928187,61.3694
234,9.75,0.414769,5.985122,0.929411,61.4483
235,9.7917,0.343110,5.941066,0.929878,61.4570
236,9.8333,0.351752,5.872439,0.931515,61.4572
237,9.875,0.334816,5.807177,0.932717,61.4067
238,9.9167,0.403203,5.769664,0.933901,61.3017
239,9.9583,0.388335,5.793348,0.933573,61.2006
240,10.0,0.243661,5.839322,0.932549,61.1000
241,10.0417,1.451854,5.460860,0.933373,61.5968
