project,role,grammar,created,seam,incoming_id,outgoing_id,incoming_path,outgoing_path,incoming_model,outgoing_model,incoming_frames,outgoing_frames,camotion_start,camotion_end,L_O0_ssim,L_O0_mae,L_O0_psnr,L_O1_ssim,L_O1_mae,L_O1_psnr,O0_O1_ssim,O0_O1_mae,O0_O1_psnr,O1_O2_ssim,O1_O2_mae,O1_O2_psnr,motion_ratio
TheLongWayDown,known_control,pov,2026-09-22,A-B|B-C,A-B,B-C,projects/TheLongWayDown/traversals/A-B/take-01.mp4,projects/TheLongWayDown/traversals/B-C/take-01.mp4,kwaivgi/kling-v2.5-turbo-pro,kwaivgi/kling-v2.5-turbo-pro,242,242,True,True,0.9565337951001577,2.02051384029025,35.953426188341936,0.6690017155116398,11.339090820534258,22.633061136144917,0.6666046864658919,11.45546708882971,22.48110471037641,0.6691176548766157,12.293193653103776,21.95377406000403,0.9898409844493438
TheLongWayDown,known_control,pov,2026-09-22,B-C|C-D,B-C,C-D,projects/TheLongWayDown/traversals/B-C/take-01.mp4,projects/TheLongWayDown/traversals/C-D/take-01.mp4,kwaivgi/kling-v2.5-turbo-pro,kwaivgi/kling-v2.5-turbo-pro,242,242,True,True,0.9173183996794694,3.3295592512024936,33.87988941992798,0.4988369577604242,17.68042260817283,19.78849065028618,0.5150643296612697,17.19644451497698,19.99928261789388,0.512148132374236,17.769166840847628,19.76586404945509,1.028144079014376
TheLongWayDown,known_control,pov,2026-09-22,C-D|D-E,C-D,D-E,projects/TheLongWayDown/traversals/C-D/take-01.mp4,projects/TheLongWayDown/traversals/D-E/take-01.mp4,kwaivgi/kling-v2.5-turbo-pro,kwaivgi/kling-v2.5-turbo-pro,242,242,True,True,0.9517078707203747,2.4669627097912925,37.03923632633069,0.591820739600138,17.338676173076525,20.44766853490406,0.5878548501131565,17.444112102867404,20.43225309472218,0.5778900431344399,19.198585005470573,19.731601285567194,0.9939557869630092
Whiteout,validation,follow,2026-09-22,A-B|B-C,A-B,B-C,projects/Whiteout/traversals/A-B/take-01.mp4,projects/Whiteout/traversals/B-C/take-01.mp4,kwaivgi/kling-v2.5-turbo-pro,kwaivgi/kling-v2.5-turbo-pro,122,242,True,True,0.8924819440732018,4.7463859063087055,28.952632011462427,0.5833726292292103,22.615098941237793,16.631554947203888,0.5877009864657855,22.102290350632728,16.90350075369794,0.7362256903398615,12.44179130282199,20.683764776100336,1.023201604108435
Whiteout,validation,follow,2026-09-22,B-C|C-D,B-C,C-D,projects/Whiteout/traversals/B-C/take-01.mp4,projects/Whiteout/traversals/C-D/take-01.mp4,kwaivgi/kling-v2.5-turbo-pro,kwaivgi/kling-v2.5-turbo-pro,242,242,True,True,0.9596285438195112,2.4693101208170765,37.18747905929587,0.4615543542161676,34.001691490679384,14.246996501747285,0.4611936978532096,33.91438247687909,14.267471786263393,0.48063477136563426,32.93017294879338,14.51252171512396,1.0025743949151902
Whiteout,validation,follow,2026-09-22,C-D|D-E,C-D,D-E,projects/Whiteout/traversals/C-D/take-01.mp4,projects/Whiteout/traversals/D-E/take-01.mp4,kwaivgi/kling-v2.5-turbo-pro,kwaivgi/kling-v2.5-turbo-pro,242,242,True,True,0.9222635097254326,3.3126466023100267,32.80544782591372,0.6423883107491881,21.184202818893088,17.859991383892662,0.6461623121661445,20.776336000237404,18.033761811275866,0.635778568082646,21.028379723529653,17.984119690700997,1.0196313160631896
PaperChase,validation,pov,2026-09-19,A-B|B-C,A-B,B-C,projects/PaperChase/traversals/A-B/take-02.mp4,projects/PaperChase/traversals/B-C/take-02.mp4,kwaivgi/kling-v2.5-turbo-pro,kwaivgi/kling-v2.5-turbo-pro,122,122,True,True,0.9422051438528248,3.7915360309448607,31.62713406956626,0.4011646480134723,36.269848888338394,13.742084230119646,0.40499176050858327,36.206539914535206,13.738479682825213,0.40514721247436974,41.08726837157573,12.878740071665906,1.0017485507853727
PaperChase,validation,pov,2026-09-19,B-C|C-D,B-C,C-D,projects/PaperChase/traversals/B-C/take-02.mp4,projects/PaperChase/traversals/C-D/take-03.mp4,kwaivgi/kling-v2.5-turbo-pro,kwaivgi/kling-v2.5-turbo-pro,122,122,True,True,0.8800455237381303,5.949754920934746,28.305236688672192,0.44569529915025,34.62243631427923,13.951621624380138,0.47585950776977287,32.71125892838711,14.385209337341307,0.45134182537677714,39.2681009501249,12.758262707794621,1.058425675088695
PaperChase,validation,pov,2026-09-19,C-D|D-E,C-D,D-E,projects/PaperChase/traversals/C-D/take-03.mp4,projects/PaperChase/traversals/D-E/take-02.mp4,kwaivgi/kling-v2.5-turbo-pro,kwaivgi/kling-v2.5-turbo-pro,122,122,True,True,0.8826784422143797,5.245616768336739,29.177665963339933,0.5377305459754064,20.498257383982576,17.413797414527334,0.5274999906635197,21.335641714921245,17.14974952995281,0.547479452328106,21.154522544177453,17.165028915574073,0.9607518563478202
PaperChase,validation,pov,2026-09-19,D-E|E-F,D-E,E-F,projects/PaperChase/traversals/D-E/take-02.mp4,projects/PaperChase/traversals/E-F/take-02.mp4,kwaivgi/kling-v2.5-turbo-pro,kwaivgi/kling-v2.5-turbo-pro,122,242,True,True,0.630586037401024,12.199271891321402,21.860766320407947,0.4607215768012476,26.755541535063273,15.384290148286157,0.5236894087886008,22.850667080830288,16.46484472847515,0.5388837461042143,22.15048009434157,16.82156651825831,1.1708866721667321
PaperChase,validation,pov,2026-09-19,E-F|F-G,E-F,F-G,projects/PaperChase/traversals/E-F/take-02.mp4,projects/PaperChase/traversals/F-G/take-02.mp4,kwaivgi/kling-v2.5-turbo-pro,kwaivgi/kling-v2.5-turbo-pro,242,242,True,True,0.9402144122088519,2.670899425331847,34.87438985821005,0.612933502912478,22.610567978313824,15.818994452622972,0.6154871947499139,22.287859522408702,15.92126315451646,0.6089756338820115,23.692509799291923,15.424509688219672,1.0144791138682772
PaperChase,validation,pov,2026-09-19,F-G|G-H,F-G,G-H,projects/PaperChase/traversals/F-G/take-02.mp4,projects/PaperChase/traversals/G-H/take-02.mp4,kwaivgi/kling-v2.5-turbo-pro,kwaivgi/kling-v2.5-turbo-pro,242,122,True,True,0.8917374385800638,4.582257282054458,28.631376808635363,0.5342438769955445,28.373326411252865,13.686676432788937,0.527238415474285,29.101048988718233,13.506679559860492,0.5379482648966608,28.462240147808675,13.574864338291231,0.9749932527261307
NightTrainFOLLOW_2,validation,follow,2026-09-18,A-B|B-C,A-B,B-C,projects/NightTrainFOLLOW_2/traversals/A-B/take-03.mp4,projects/NightTrainFOLLOW_2/traversals/B-C/take-03.mp4,kwaivgi/kling-v2.5-turbo-pro,kwaivgi/kling-v2.5-turbo-pro,242,242,True,True,0.9573315348576905,2.1862146090088976,37.959414669769316,0.6426646610005592,15.901841608864391,20.01567158657416,0.6448197339632159,15.728776694845276,20.086514942004246,0.6342402945591276,16.569015496944736,19.73827001347462,1.011003075278946
NightTrainFOLLOW_2,validation,follow,2026-09-18,B-C|C-D,B-C,C-D,projects/NightTrainFOLLOW_2/traversals/B-C/take-03.mp4,projects/NightTrainFOLLOW_2/traversals/C-D/take-03.mp4,kwaivgi/kling-v2.5-turbo-pro,kwaivgi/kling-v2.5-turbo-pro,242,242,True,True,0.8605719514591575,5.513489347866477,28.19890438119955,0.4991761183397789,20.144747605334324,18.339341467294457,0.5542040707906438,18.723495140996263,18.857964593334057,0.5518194805196144,20.591132447203815,18.150104697570274,1.0759074336087038
NightTrainFOLLOW_2,validation,follow,2026-09-18,C-D|D-E,C-D,D-E,projects/NightTrainFOLLOW_2/traversals/C-D/take-03.mp4,projects/NightTrainFOLLOW_2/traversals/D-E/take-03.mp4,kwaivgi/kling-v2.5-turbo-pro,kwaivgi/kling-v2.5-turbo-pro,242,242,True,True,0.9386351480855337,3.024849656024855,33.428835659248655,0.614373538849906,16.875432226832643,19.89957108049538,0.6229422380973361,16.479666791818914,20.1116053521038,0.6253981663575018,19.48516268501889,18.597374559172167,1.0240153784668875
MatchMakerFOLLOW,validation,follow,2026-09-19,A-B|B-C,A-B,B-C,projects/MatchMakerFOLLOW/traversals/A-B/take-02.mp4,projects/MatchMakerFOLLOW/traversals/B-C/take-02.mp4,kwaivgi/kling-v2.5-turbo-pro,kwaivgi/kling-v2.5-turbo-pro,242,122,True,True,0.9507090261276968,2.338876642461964,38.08032456170132,0.6113110766345007,13.388923993879152,21.29456867695007,0.6147853497952211,13.288196272269358,21.322462327815046,0.6288134513385123,13.528940650740076,21.128636565028643,1.0075802403536136
MatchMakerFOLLOW,validation,follow,2026-09-19,B-C|C-D,B-C,C-D,projects/MatchMakerFOLLOW/traversals/B-C/take-02.mp4,projects/MatchMakerFOLLOW/traversals/C-D/take-02.mp4,kwaivgi/kling-v2.5-turbo-pro,kwaivgi/kling-v2.5-turbo-pro,122,122,True,True,0.9528742047036219,1.635215874723891,40.26978538686698,0.7090622027490352,9.111709186174934,24.700411773692608,0.7113497526122033,9.077033143411573,24.717510428784372,0.7079209380677716,11.1345365689705,23.27020200528891,1.0038201956757788
MatchMakerFOLLOW,validation,follow,2026-09-19,C-D|D-E,C-D,D-E,projects/MatchMakerFOLLOW/traversals/C-D/take-02.mp4,projects/MatchMakerFOLLOW/traversals/D-E/take-02.mp4,kwaivgi/kling-v2.5-turbo-pro,kwaivgi/kling-v2.5-turbo-pro,122,122,True,True,0.9722166994608971,1.3038351422348837,42.28460276893523,0.8167771076648688,6.245399687248406,26.86292737403386,0.8215459582650708,6.186936814888215,26.917205804451747,0.7960455815735571,7.32641560738837,25.77939539252876,1.0094494051110245
MatchMaker,validation,pov,2026-09-19,A-B|B-C,A-B,B-C,projects/MatchMaker/traversals/A-B/take-02.mp4,projects/MatchMaker/traversals/B-C/take-02.mp4,kwaivgi/kling-v2.5-turbo-pro,kwaivgi/kling-v2.5-turbo-pro,242,122,True,True,0.9488235299124502,2.5007591386944945,37.49042925217325,0.4944702997494937,16.693069920109,19.79476742961092,0.4956396520596969,16.632473169680644,19.83184273016735,0.5106608336067404,16.983399586610517,19.818843599591595,1.0036432796139312
MatchMaker,validation,pov,2026-09-19,B-C|C-D,B-C,C-D,projects/MatchMaker/traversals/B-C/take-02.mp4,projects/MatchMaker/traversals/C-D/take-02.mp4,kwaivgi/kling-v2.5-turbo-pro,kwaivgi/kling-v2.5-turbo-pro,122,242,True,True,0.9096283086453019,2.6681509142565183,34.31164161463279,0.8011000372774011,6.122503567484156,26.42031071683831,0.7430973208070505,7.101307840981813,25.484251550655447,0.7461700057500988,7.602095687279371,24.437843837984587,0.8621656326671328
MatchMaker,validation,pov,2026-09-19,C-D|D-E,C-D,D-E,projects/MatchMaker/traversals/C-D/take-02.mp4,projects/MatchMaker/traversals/D-E/take-02.mp4,kwaivgi/kling-v2.5-turbo-pro,kwaivgi/kling-v2.5-turbo-pro,242,242,True,True,0.9330447847000024,2.5406525463966476,35.25702584428012,0.6168699472137855,10.121994088169114,23.331071351434126,0.6333933115156509,9.653744374600029,23.755601791218275,0.6221222928522293,10.690505750552218,22.806220835655914,1.048504465769893
FadedGenes,validation,pov,2026-09-19,A-B|B-C,A-B,B-C,projects/FadedGenes/traversals/A-B/take-02.mp4,projects/FadedGenes/traversals/B-C/take-03.mp4,kwaivgi/kling-v3-video,kwaivgi/kling-v3-video,193,241,True,True,0.8021617999895851,7.172340288959766,24.53619669051779,0.7850271000141759,8.785359541762144,23.12533478381386,0.8063845147852674,7.416990191676472,24.04580499344462,0.8150772517379344,7.615952750510931,23.800861317254412,1.1844911904590745
FadedGenes,validation,pov,2026-09-19,B-C|C-D,B-C,C-D,projects/FadedGenes/traversals/B-C/take-03.mp4,projects/FadedGenes/traversals/C-D/take-03.mp4,kwaivgi/kling-v3-video,kwaivgi/kling-v3-video,241,193,True,True,0.7435244490929226,9.283037935323383,24.1359712123483,0.6949727878838609,10.6463758747755,22.617457518870992,0.8852016938703295,4.174897684812453,29.708725701984733,0.8046219236913453,7.019031528044425,25.240390395904853,2.550092643828172
NoMan'sLand,validation,pov,2026-09-20,A-B|B-C,A-B,B-C,projects/NoMan'sLand/traversals/A-B/take-02.mp4,projects/NoMan'sLand/traversals/B-C/take-02.mp4,kwaivgi/kling-v2.5-turbo-pro,kwaivgi/kling-v2.5-turbo-pro,242,242,True,True,0.968509480187057,1.4647594818955016,40.554130337392294,0.6433643888470492,9.205447412832106,24.5767354649159,0.6511582404952675,8.996847808416424,24.751148887115313,0.639216606789681,9.436337503354597,24.413903399223184,1.0231858545190171
NoMan'sLand,validation,pov,2026-09-20,B-C|C-D,B-C,C-D,projects/NoMan'sLand/traversals/B-C/take-02.mp4,projects/NoMan'sLand/traversals/C-D/take-02.mp4,kwaivgi/kling-v2.5-turbo-pro,kwaivgi/kling-v2.5-turbo-pro,242,122,True,True,0.9055099943606667,3.746506220195702,32.92274533222307,0.5624274125630113,15.834647109370161,20.928139193594767,0.5891142530686282,14.909027702514399,21.398830966731666,0.6053071756834558,14.849984710782188,21.283355145142817,1.0620844917136787
NoMan'sLand,validation,pov,2026-09-20,C-D|D-E,C-D,D-E,projects/NoMan'sLand/traversals/C-D/take-02.mp4,projects/NoMan'sLand/traversals/D-E/take-02.mp4,kwaivgi/kling-v2.5-turbo-pro,kwaivgi/kling-v2.5-turbo-pro,122,242,True,True,0.8292184974890405,6.9315896206209615,26.825492083609443,0.5946571735267702,14.156674646735203,21.57979748914324,0.45843848778873664,18.63185595621478,19.076116026530254,0.43224526782479855,20.06971060800768,18.463589542217385,0.7598102239521206
NoMan'sLand,validation,pov,2026-09-20,D-E|E-F,D-E,E-F,projects/NoMan'sLand/traversals/D-E/take-02.mp4,projects/NoMan'sLand/traversals/E-F/take-02.mp4,kwaivgi/kling-v2.5-turbo-pro,kwaivgi/kling-v2.5-turbo-pro,242,242,True,True,0.8567138975377743,4.960102399052456,29.73010741225498,0.8512537966315902,5.106102655808097,29.37896704827484,0.9926932546482311,0.7259299650605892,44.81308245051005,0.6185582415393918,14.346736074554613,20.26653642560914,7.033877786518869
MidnightMiniature,validation,pov,2026-09-20,A-B|B-C,A-B,B-C,projects/MidnightMiniature/traversals/A-B/take-02.mp4,projects/MidnightMiniature/traversals/B-C/take-02.mp4,kwaivgi/kling-v2.5-turbo-pro,kwaivgi/kling-v2.5-turbo-pro,242,242,True,True,0.9395702931827032,2.538867030253298,37.08083668112075,0.5328656188016535,18.918620557740343,18.482249546442453,0.543809430570782,18.541646668111724,18.616811608468385,0.5557451429534467,18.207991422555274,18.873642821889128,1.0203311979985545
MidnightMiniature,validation,pov,2026-09-20,B-C|C-D,B-C,C-D,projects/MidnightMiniature/traversals/B-C/take-02.mp4,projects/MidnightMiniature/traversals/C-D/take-02.mp4,kwaivgi/kling-v2.5-turbo-pro,kwaivgi/kling-v2.5-turbo-pro,242,122,True,True,0.9437402472972036,2.5150274625317395,37.08774249830496,0.42529239643738886,19.8315923301026,18.322035380206852,0.4275009145242501,19.715863434384097,18.365594437725314,0.4129093579875703,22.119507009816065,17.58242057427038,1.005869836545767
MidnightMiniature,validation,pov,2026-09-20,C-D|D-E,C-D,D-E,projects/MidnightMiniature/traversals/C-D/take-02.mp4,projects/MidnightMiniature/traversals/D-E/take-02.mp4,kwaivgi/kling-v2.5-turbo-pro,kwaivgi/kling-v2.5-turbo-pro,122,122,True,True,0.9513859054705051,2.1902764122850478,36.603784234917086,0.6086076387999008,15.181136105004025,19.671208394952103,0.6147083261200202,14.93321321298074,19.81501818125726,0.6210028768118238,16.320256375023224,19.09977649540587,1.0166021129201972
WhiteWhale,validation,unspecified,2026-09-18,A-B|B-C,A-B,B-C,projects/WhiteWhale/traversals/A-B/take-02.mp4,projects/WhiteWhale/traversals/B-C/take-02.mp4,kwaivgi/kling-v2.5-turbo-pro,kwaivgi/kling-v2.5-turbo-pro,122,122,True,True,0.9625485439101711,1.666133479387296,40.68084977456704,0.5941248741481432,17.750938964410313,18.389388546236024,0.5951794074882472,17.714118721743976,18.409910214472134,0.5820936270352637,19.887899551774325,17.612141722642647,1.002078581680789
WhiteWhale,validation,unspecified,2026-09-18,B-C|C-D,B-C,C-D,projects/WhiteWhale/traversals/B-C/take-02.mp4,projects/WhiteWhale/traversals/C-D/take-02.mp4,kwaivgi/kling-v2.5-turbo-pro,kwaivgi/kling-v2.5-turbo-pro,122,122,True,True,0.9003551854459585,4.253536518651556,28.402179061116165,0.6963676754237035,12.679035611620321,20.03752142136723,0.7146179347935462,11.561764407991165,20.968962606452877,0.722091325341117,12.07855013057121,20.394402127143664,1.096635008654642
WhiteWhale,validation,unspecified,2026-09-18,C-D|D-E,C-D,D-E,projects/WhiteWhale/traversals/C-D/take-02.mp4,projects/WhiteWhale/traversals/D-E/take-03.mp4,kwaivgi/kling-v2.5-turbo-pro,kwaivgi/kling-v2.5-turbo-pro,122,122,True,True,0.8321686674446895,5.528559387966805,27.261091268817275,0.7377770100253022,12.92172452700192,20.014527434520645,0.7423815138776936,12.128732310955595,20.51739139952639,0.7178695478795855,14.925924707375984,18.5976589190225,1.065381294245404
WhiteWhale,validation,unspecified,2026-09-18,D-E|E-F,D-E,E-F,projects/WhiteWhale/traversals/D-E/take-03.mp4,projects/WhiteWhale/traversals/E-F/take-03.mp4,kwaivgi/kling-v2.5-turbo-pro,kwaivgi/kling-v2.5-turbo-pro,122,242,True,True,0.8115052498870178,7.5318138302264614,25.260314405823614,0.7771910982205821,7.469154003065585,25.868949533687534,0.670487111676478,11.432718571303235,21.556028670652978,0.6819272243248649,11.136823823052787,21.636833671817147,0.6533139039924922
WhiteWhale,validation,unspecified,2026-09-18,E-F|F-G,E-F,F-G,projects/WhiteWhale/traversals/E-F/take-03.mp4,projects/WhiteWhale/traversals/F-G/take-02.mp4,kwaivgi/kling-v2.5-turbo-pro,kwaivgi/kling-v2.5-turbo-pro,242,122,True,True,0.837969386428289,6.154018709615821,27.398850363744277,0.60040422226189,15.467753459104891,19.336323596484498,0.6332106786122084,13.651015216964968,20.38051667699262,0.6334785880300865,14.418489922018537,19.92998440003849,1.1330844785728573
